{"list_tokens":[{"token":43053,"login":"Krippa","password":"1"},{"token":84930,"login":"Silvestr","password":"1"},{"token":61468,"login":"k","password":"1"},{"token":33823,"login":"l","password":"1"},{"token":18137,"login":"krippa","password":"1"},{"token":40046,"login":"krippa2","password":"1"},{"token":50256,"login":"krippa23","password":"1"},{"token":77000,"login":"krippa234","password":"1"},{"token":62307,"login":"krippa2345","password":"1"},{"token":41133,"login":"kr","password":"1"},{"token":94443,"login":"","password":""},{"token":67730,"login":"nastya","password":"1"},{"token":95822,"login":"nastya1","password":"1"},{"token":11564,"login":"sd","password":"1"},{"token":24782,"login":"nastya6","password":"1"}]}
